id,first_name,last_name,date_of_birth,sex,jmbg,country_id
1,Janie,Gromley,10/31/2013,F,3111508514246,1
2,Bowie,McDade,9/10/1961,M,0312697161874,1
3,Budd,Sommerlie,3/27/1976,M,1910220641129,4
4,Gypsy,Mellish,5/5/1929,F,0708731738456,4
5,Ellene,Goford,10/27/1971,F,0610377556097,3
6,Bertha,Blackhurst,12/24/1922,F,3104494121584,1
7,Amelita,Najara,7/19/1914,F,3109156100384,5
8,Merrile,Leopold,7/19/1927,F,2210018435551,3
9,Cull,Chalfant,8/1/2021,M,3104647076195,5
10,Taddeo,Mattke,6/11/1999,M,0712615276534,1
11,Bonnee,McCarlich,1/14/1941,F,0710035796724,3
12,Chickie,Chantillon,4/2/1913,M,2001821061663,5
13,Mersey,MacUchadair,3/27/1926,F,2506314923798,5
14,Darlene,Fisbey,6/6/1911,F,0509696106127,3
15,Horatio,Rapi,9/7/1918,M,1310612860374,5
16,Wolf,Bygraves,7/30/1989,M,2707044552438,6
17,Giraldo,Lundberg,12/26/1916,M,3112787626552,4
18,Leandra,Crowth,12/7/2002,F,0101740812051,3
19,Merill,Minthorpe,6/22/1984,M,1103163494911,3
20,Yves,Lemar,11/12/1911,M,0110665014231,2
21,Tedd,Loughhead,7/22/1948,M,2702634819366,1
22,Ewart,Sparham,10/22/1931,M,2109997303415,4
23,Lyle,Kears,2/24/2011,M,3105695742457,4
24,Myrvyn,Masedon,2/10/2015,M,0103209755391,3
25,Mitzi,Rexworthy,6/14/1981,F,3002921760218,2
26,Tara,Matzeitis,1/5/2017,F,0805500713212,5
27,Phil,Munehay,8/17/1954,M,2107673037298,3
28,Diarmid,Headley,3/19/1913,M,2203668022789,1
29,Pierce,Beyne,9/30/1978,M,3112128368609,6
30,Horatio,Quarles,9/2/1922,M,1805563074611,5
31,Dorolisa,Rossborough,3/12/1911,F,2404996777877,4
32,Connie,Vittore,2/28/1924,F,1312675677220,6
33,Vanya,Baber,9/11/1971,F,3010641484623,1
34,Ava,Goalley,11/21/2012,F,0910688553405,2
35,Miriam,Ingon,9/10/1933,F,3105651921239,3
36,Fitz,Rehme,9/7/1907,M,1702004714365,2
37,Drud,Gillson,2/22/1996,M,0512259688334,1
38,Corrine,Skerrett,10/22/1967,F,2707287279358,3
39,Grove,Ox,7/30/1988,M,2612612772852,3
40,Casey,Sparrow,7/15/1925,M,1107901516315,1
41,Bradford,Upston,3/27/1971,M,3008568070296,1
42,Leon,Garvie,2/17/1917,M,1610574129449,1
43,Murray,Perrat,5/11/1977,M,0210910271666,2
44,Dynah,Rigge,6/15/2012,F,0812977898834,5
45,Denny,Wagner,2/23/1902,M,0412372064534,1
46,Linc,Burgis,10/27/1995,M,2206481342265,5
47,Karlotte,Tasseler,7/10/1910,F,2806722582892,4
48,Wright,Bosanko,1/7/2018,M,2410564849986,1
49,Norine,Braxton,12/11/1976,F,0512633025281,2
50,Tonye,Tappin,6/3/2015,F,1012324465897,3
51,York,Dibbin,9/29/1910,M,3112185164993,4
52,Pebrook,Schollar,4/7/2023,M,3009175010517,4
53,Osborne,McSweeney,5/14/1996,M,3101955726965,2
54,Meir,MacArte,4/2/1957,M,1103782686485,4
55,Bobette,Hawick,12/17/1986,F,0703239733493,2
56,Ericha,Huetson,1/25/1917,F,0812338754916,6
57,Shandra,Fearnsides,8/8/1977,F,0412148731198,4
58,D'arcy,Beggan,2/28/1977,M,0104312322925,4
59,Tymothy,Meineking,11/26/1979,M,1812248877105,6
60,Asher,Pregal,10/6/1925,M,3012335093943,2
61,Stacey,Willatt,1/3/1980,F,3003918308588,2
62,Rozele,Balfe,1/23/1905,F,3108068290274,6
63,Siusan,Martinez,5/9/1980,F,1911379421769,2
64,Ashly,Verling,11/12/1900,F,3006598748242,1
65,Daryl,Getcliffe,12/7/1951,M,3111969572215,5
66,Ingaborg,Ranklin,5/10/1903,F,0411154321497,3
67,Ambrosio,Cheeke,6/25/2005,M,2701236274482,2
68,Irving,Tritten,8/30/1960,M,1808991334646,4
69,Horst,Caroline,5/10/2001,M,0609311718138,6
70,Jannelle,Oldis,7/26/1984,F,3004047507040,3
71,Dylan,Gammage,7/2/1927,M,0209548463606,5
72,Ulric,Le Batteur,8/8/1963,M,3004136199858,2
73,Stanleigh,Culwen,9/5/1942,M,3111732078265,1
74,Ethyl,Josefsen,6/9/1967,F,1611452524598,3
75,Rozamond,Forgan,9/4/1986,F,3007899336258,1
76,Lea,Danjoie,9/20/1985,F,0410113133847,4
77,Natasha,Balchin,12/29/1943,F,0710005345628,6
78,Filippa,Gobeaux,11/24/1988,F,0511731381156,6
79,Mylo,Skitch,6/30/1916,M,0902722697030,5
80,Agnella,De Beauchemp,3/1/1913,F,2405348254134,4
81,Odetta,Yitzhakov,9/22/1984,F,1411364186584,2
82,Elvira,Derry,6/28/1923,F,3012046141790,6
83,Goober,Hews,3/5/1959,M,3008300787680,6
84,Melody,Feldheim,2/6/1972,F,3112155688519,6
85,Blondy,Geroldi,4/10/1998,F,0410804292213,3
86,Isabella,Obispo,9/23/2009,F,2909297195207,5
87,Eudora,oldey,11/12/1960,F,3111728362366,3
88,Kean,State,4/9/2018,M,2102155170861,3
89,Aldus,Giannasi,4/26/1938,M,3011644686633,2
90,Ferd,Thewlis,5/19/1947,M,2805083751330,3
91,Dietrich,Sudy,8/30/1948,M,0710110973409,1
92,Paten,O' Faherty,6/2/2009,M,0601379736165,3
93,Lorie,Noades,4/21/1981,F,0907809321974,5
94,Angelika,Bovis,2/23/2008,F,0906797413787,1
95,Bernhard,Hustler,4/28/1939,M,0812294556260,3
96,Jozef,Cornick,9/7/1934,M,3108031768239,3
97,Rey,Stodd,10/4/1922,F,3112716724919,2
98,Chryste,McClinton,7/21/1941,F,0310493994713,4
99,Joshua,Leither,5/3/1985,M,0502291193829,6
100,Barbra,Ware,1/25/1926,F,2512265481067,1
101,Blondy,Somner,12/9/1973,F,0111855705646,4
102,Cesaro,Tunaclift,8/29/1910,M,0612686745154,3
103,Millicent,Hinge,12/19/1926,F,3012227350175,2
104,Bruno,Jankiewicz,3/5/1986,M,2810458355881,2
105,Asa,Eddison,2/19/1900,M,3002693459468,3
106,Ethan,Vanyushkin,7/1/1972,M,0712262507259,2
107,Malcolm,Skeleton,8/9/1911,M,3001503285955,1
108,Ewan,Tilbury,2/8/1976,M,1503615323971,6
109,Jennee,Plenty,8/29/1907,F,0106677599416,1
110,Morgana,Nappin,7/16/1944,F,3012791789671,3
111,Marga,Farrington,1/24/1960,F,0910848156056,3
112,Othello,Darch,5/17/2007,M,0311730844210,6
113,Adriena,Hanwell,9/15/1930,F,1202705276950,1
114,Fowler,Renzini,9/21/1900,M,0910216592381,3
115,Jessamyn,Liepins,10/27/1926,F,2205206913787,6
116,Lemuel,Clemencon,9/20/1954,M,3110984112646,2
117,Kaitlynn,Blain,9/24/2013,F,3011281059696,6
118,Sephira,Elkin,9/26/1904,F,0408763343613,2
119,Brier,Winterson,4/22/1913,F,0307335764195,1
120,Hardy,Mallya,5/28/2008,M,3107993409498,4
121,Fredia,Dawid,1/29/2009,F,0112773773686,4
122,Egor,Edland,2/3/1975,M,3008968520851,6
123,Florentia,Grissett,7/3/1954,F,0710360445606,6
124,Garrett,Moran,12/10/1928,M,1712205454527,5
125,Helaine,Gaddie,9/4/2000,F,0605607191066,2
126,Freda,Bennough,7/12/1928,F,1810963649096,6
127,Bernardo,Revey,7/3/1991,M,3108566094023,5
128,Stearn,Leall,12/23/1953,M,2707150487608,6
129,Emmye,Leare,8/7/1995,F,3004313309746,1
130,Steven,Raggles,7/11/2019,M,3011865255409,5
131,Ode,Thombleson,12/29/1966,M,0202877910409,5
132,Eadmund,Soppit,11/13/1936,M,0904583753269,6
133,Noella,Rickerd,9/20/1910,F,0411154664719,2
134,Aggy,Gunnell,1/26/1990,F,0303333160824,4
135,Keeley,Buttwell,5/8/1935,F,0109595658330,4
136,Maxim,Nemchinov,9/9/1970,M,0804297609758,2
137,Cathryn,O'Doghesty,2/5/1915,F,1304135234590,2
138,Tanya,Giffard,9/27/2001,F,3011259763719,4
139,Zebulen,Melarkey,11/30/2023,M,0511386115133,2
140,Bobbee,Harp,7/24/2020,F,0812948272839,2
141,Alicia,Drinkhill,5/12/1999,F,3110538892955,1
142,Dirk,Pinckstone,4/14/1943,M,0610083948238,2
143,Zea,Romanski,2/8/1996,F,1312189812872,3
144,Kyla,Woolfenden,3/17/1906,F,0512767469507,4
145,Nichole,Courtonne,9/4/1914,M,3106282046810,2
146,Rickie,Blemings,12/18/1976,M,0711964104139,5
147,Angela,Cuckson,3/10/1965,F,0211868304968,4
148,Lorilee,Pyburn,2/14/1991,F,3109283420150,4
149,Vikky,Hulbert,12/27/1971,F,0905583028881,6
150,Bibi,Isitt,5/10/1933,F,0901260503724,5
151,Pate,Mackinder,8/2/1944,M,3112618747737,3
152,Dalston,Studdal,4/23/1949,M,0902912724119,2
153,Kelvin,Laydon,1/13/1971,M,1006712194652,3
154,Leonora,Olliver,2/25/1910,F,0411521453349,4
155,Charley,Gentric,4/18/1911,M,3003956349880,1
156,Aguie,O'Neill,12/21/1903,M,2610360065202,3
157,Abran,Kingdom,2/25/1929,M,0312156443906,3
158,Harold,Stileman,9/6/1932,M,0811796624761,5
159,Lorilee,Scopes,9/3/1983,F,0912627359514,6
160,Cyb,Healey,4/2/1929,F,0209272259198,6
161,Yalonda,Preble,4/2/1962,F,1010752734606,2
162,Clarice,Pedrielli,1/29/1941,F,0810512848064,3
163,Cathlene,Withrington,6/9/2015,F,3011024293165,6
164,Carly,Horick,4/25/2006,F,3009113381635,1
165,Elvina,Chatters,6/22/1901,F,1406838796914,4
166,Elmo,Slinn,1/19/1981,M,0505593918155,2
167,Murielle,Abrashkin,5/11/1953,F,3102012898937,2
168,Nert,Vaughn,5/19/1956,F,1802759561882,4
169,Larry,Sconce,6/5/1998,M,0311743004494,2
170,Lida,Getten,9/18/1980,F,3009495976241,1
171,Maxi,Bleibaum,11/23/1974,F,0806982870915,1
172,Daryle,Magnay,11/13/1949,M,3007572451023,5
173,Sandy,Melding,5/14/1981,M,0911622289927,3
174,Rhodie,Skaife d'Ingerthorpe,6/4/2008,F,0412106443932,5
175,Buiron,Balchen,6/1/1963,M,0512454834749,6
176,Elroy,Ommundsen,9/25/1928,M,0910529212083,5
177,Merilee,Lampel,12/19/1948,F,2910491898657,6
178,Worthington,Prettyman,9/24/1983,M,1810198372726,5
179,Jeralee,Patillo,3/17/1928,F,3105124417301,5
180,Kimberly,Evemy,2/22/1924,F,0208129724300,4
181,Rodolfo,Ferriere,4/14/1981,M,0109642564992,4
182,Neala,Zisneros,10/30/1985,F,2212501298018,1
183,Rich,Urpeth,12/4/1970,M,0601846258237,1
184,Rowe,Bragg,2/21/1911,F,1011566938077,4
185,Ade,Brierly,6/27/1986,M,3006788563707,2
186,Mariquilla,Drinnan,7/13/1972,F,1907516160409,6
187,Jerrome,Remmer,7/25/2008,M,3112031238729,4
188,Wyatan,McPhelimy,1/31/1908,M,1507952338085,4
189,Jodie,MacPaik,11/28/1973,M,3002976251480,4
190,Stanislaw,Orman,8/12/2013,M,0303887561420,1
191,Alysia,Drinkhill,12/4/2002,F,0809274665855,5
192,Krishna,Mattiuzzi,12/9/1978,M,0905992944255,4
193,Costa,Tredget,2/20/1957,M,1612674272457,5
194,Winn,Kliemchen,3/8/1949,M,0110250368665,2
195,Erhart,Andrichuk,9/27/1941,M,3009263301082,6
196,Sabra,Olle,4/29/1946,F,1412258649205,3
197,Kin,Keniwell,11/21/1908,M,1508827910327,1
198,Amalle,Lanchberry,12/2/1947,F,3106430238506,3
199,Christophorus,Shackle,5/6/1923,M,0404256920467,4
200,Aland,Bohea,2/28/1960,M,3010609241001,6
201,Vanny,Munroe,5/24/1910,F,2411181610996,3
202,Vito,Rayman,5/7/1900,M,1812754071596,5
203,Devondra,Heathcoat,11/7/2010,F,2812433591867,1
204,Alastair,Pettis,9/12/1969,M,1103272514763,4
205,Simonette,Scorrer,5/25/1997,F,3010298220984,6
206,Giustino,Jone,11/7/1946,M,3004558005718,5
207,Jozef,Ludford,6/12/1914,M,1810287844041,4
208,Maison,Willerstone,9/12/1924,M,3104022651975,2
209,Zilvia,Euler,7/23/1954,F,3107015034714,1
210,Morganica,Stapforth,5/2/1963,F,1708775839960,6
211,Abel,Anfosso,8/19/1987,M,3005499640397,3
212,Andrea,Arlt,6/11/2005,M,0406869598120,3
213,Tarrance,Gaskins,4/29/1911,M,3005328781616,5
214,Iolande,Douglass,4/2/1910,F,3011439862251,5
215,Renaud,McCromley,1/23/1988,M,3011133662460,3
216,Louis,Cay,12/17/1912,M,3112181853777,5
217,Bel,Fincke,8/29/1908,F,2709798086117,6
218,Shani,Jerger,6/30/1978,F,0710485985801,2
219,Domini,Bowes,7/8/1910,F,3009332173624,3
220,Blaine,Rowantree,4/18/1963,M,1202681492871,5
221,Steve,Ciotto,1/1/1976,M,0410180780012,2
222,Corry,Neads,12/3/1926,F,1508170564408,2
223,Lorrayne,Stonebanks,12/21/1901,F,0205664678030,6
224,Henryetta,Mariette,8/20/2001,F,3003221110590,4
225,Beauregard,Bugge,5/14/1958,M,2012996602008,4
226,Liliane,Jarville,9/27/2000,F,0505973359408,3
227,Marena,Hakey,6/17/1965,F,2011822742106,5
228,Jasper,Milsom,5/11/1951,M,2210324108048,2
229,Lynn,Manders,8/8/2022,F,3010297760978,6
230,Aindrea,Hardwell,4/14/1918,F,0905346087795,6
231,Martino,Gurko,10/14/1953,M,3102495483134,3
232,Evelyn,Luckhurst,10/10/1905,M,0901523134333,2
233,Constanta,Furzey,2/16/1953,F,3010300324124,4
234,Courtney,Putten,5/30/1956,M,1605863903370,1
235,Tannie,Urey,11/6/1946,M,1310916952092,3
236,Broderick,Philbrick,3/19/1955,M,2512874266140,3
237,Chalmers,Hassell,12/14/1921,M,3110811292653,1
238,Shaina,Prestland,8/27/1987,F,1912098756926,2
239,Reine,Coton,11/2/1982,F,3010844105515,2
240,Cristin,Gehringer,7/22/1904,F,2310890742038,2
241,Tam,Godleman,9/8/1918,M,3110353936880,5
242,Dunn,Cavozzi,10/24/1961,M,3112754081234,6
243,Kaleb,MacInerney,7/6/1968,M,3111162241885,2
244,Tally,Kellett,5/22/1979,F,0103489640815,2
245,Grace,Betonia,11/5/2008,M,0205322771052,2
246,Rolland,Pavlitschek,7/18/2006,M,0203158867952,6
247,Dukey,Mattholie,9/9/1998,M,0505755271648,2
248,Harley,Scrivner,8/20/1971,F,1803719853425,5
249,Schuyler,Doody,6/8/1922,M,0310256775705,3
250,Tobin,Malpass,2/7/1904,M,2311058988458,6
251,Jackqueline,Hamlington,12/8/1959,F,1708350153505,2
252,Dallis,Kunze,2/17/1971,M,3011375999516,3
253,Norman,Runcieman,9/18/1997,M,2801235391574,2
254,Yorke,Barten,10/15/1922,M,0811570063527,1
255,Bank,Kimberly,5/1/1960,M,0611291818500,1
256,Rosalind,Gelly,5/28/1981,F,3111820145842,2
257,Adrianne,Dillet,12/3/2000,F,1103011941986,5
258,Charlotta,Ivell,11/2/1950,F,0610655021290,6
259,Claudina,Concklin,4/28/1937,F,3002546588133,2
260,Perry,Budibent,7/2/2013,M,1510514613712,5
261,Jackelyn,Colnett,6/2/1976,F,3109054410716,5
262,Tremayne,Weitzel,9/16/1961,M,0207009455116,1
263,Frazer,Hellin,6/7/1935,M,0709651175632,4
264,Ronald,Okenden,6/2/1965,M,1702028034623,1
265,Linn,Denisovich,12/6/1912,M,1910823631579,1
266,Lucio,Ibanez,4/28/1961,M,2909949225440,2
267,Jobyna,Surmeir,12/31/1981,F,1501044495726,3
268,Wyn,Dann,6/16/2005,M,0312199019103,4
269,Terrance,Newing,7/26/1901,M,2007540717858,5
270,Paige,Camidge,10/17/2007,M,1604246307328,2
271,Cornela,Brandenburg,1/21/1913,F,3009581096175,1
272,Lucita,Fishly,11/18/2003,F,0708857042173,5
273,Beverlee,Yitzhakov,11/26/1927,F,3107895568033,2
274,Torey,Scolding,4/14/2022,M,2911028019965,5
275,Correna,Brabbins,8/5/2000,F,3001379731649,6
276,Felicia,Gibling,10/3/1965,F,1704865869769,3
277,Ramsay,Coats,7/23/1991,M,1101900447420,2
278,Mirabel,Hambelton,10/21/1917,F,0903796524170,5
279,Elise,Frick,1/16/1970,F,3010607716947,2
280,Frasier,Alebrooke,11/26/1907,M,1511089610356,5
281,Fred,Adne,11/20/1995,M,2712464736958,1
282,Wye,Kilgallon,1/20/1920,M,0903781913438,4
283,Anatol,Arnaez,8/9/1946,M,3011206595345,4
284,Sig,Postlethwaite,10/1/1984,M,3001037125763,4
285,Erminia,Bullent,1/1/1988,F,3103530733552,4
286,Dewitt,Shipley,6/21/1941,M,0402195180631,3
287,Nichole,Hedderly,2/29/1952,F,3110959809567,2
288,Arabella,Duckhouse,8/3/1975,F,2903902397136,3
289,Christophe,Salazar,5/9/2013,M,1904142086367,2
290,Marci,Brabon,5/27/1918,F,2412791519875,2
291,Manya,Duffett,8/15/1997,F,2509171928609,4
292,Rudie,Downham,4/15/1969,M,2911867998728,6
293,Hedda,McKerrow,10/9/1971,F,1105702158433,3
294,Shelagh,Newcomb,11/24/1916,F,0411017419755,2
295,Svend,Fairbard,10/6/1934,M,2911735174214,4
296,Morgan,Sprouls,2/5/1936,F,1112774178526,4
297,Debor,Bolden,3/13/1920,F,3112708321752,2
298,Shelby,Downs,6/22/1942,F,3111287008445,6
299,Jaye,Brierton,11/5/1932,M,3111019169663,2
300,Tamqrah,Trimme,8/8/1992,F,3108847341997,1
301,Maddy,Overton,10/25/1984,F,0309330810524,5
302,Keven,Goodfellowe,12/31/1932,M,2008557419881,2
303,Kennith,Collis,8/4/1913,M,3102826177929,4
304,Cesaro,Ahrens,11/20/1950,M,1708803306562,5
305,Millisent,Bourner,4/28/1961,F,2411568988692,6
306,Rayner,Beathem,10/12/2017,M,0308251717026,2
307,Jaine,Ritchard,6/7/1945,F,1612747431795,5
308,Christel,Bartusek,9/8/2007,F,3012460196611,6
309,Valenka,Littrick,9/10/1969,F,2109700140242,3
310,Karla,Ferrand,7/25/2009,F,3009376829011,5
311,Janaya,Warrior,7/22/1984,F,3107391320579,6
312,Ward,Fice,3/10/1910,M,0704333416945,4
313,Siffre,Mallabar,10/11/1994,M,3107892271699,3
314,Helene,Prose,3/11/2019,F,2310295778525,2
315,Logan,Gethouse,10/19/1996,M,3010882707053,5
316,Giorgi,Cowap,3/26/1989,M,3101649775520,5
317,Korey,Snoden,6/10/1965,M,0311000537542,2
318,Germana,Silversmid,1/6/1971,F,2909526800543,2
319,Layton,Abeles,7/19/1957,M,0602809715835,6
320,Shaine,Fley,11/1/1900,F,3005936257692,2
321,Alvy,Gerardin,7/18/2007,M,0903337273565,4
322,Reena,Harms,7/3/1951,F,0802397800358,5
323,Cori,Chard,5/19/1991,M,1212370506306,2
324,Alta,Audiss,12/21/1930,F,0601852899109,3
325,Cy,Matteoni,12/26/1973,M,1002145443972,5
326,Elysee,Bollans,9/20/1927,F,3005745446563,4
327,Virgie,de Cullip,2/3/1918,M,1006711854059,6
328,Nick,Ubank,3/13/1999,M,0610769076122,3
329,Caitlin,Rosoman,5/15/1960,F,1906055419806,3
330,Blakelee,Bracchi,9/18/2008,F,0507574573652,4
331,Orrin,Raoux,10/28/1972,M,3108828554989,3
332,Fons,Mathews,6/12/1985,M,3001570193426,1
333,Garrick,Rapier,7/20/2002,M,3012088954283,5
334,Joann,Barthrop,3/6/1918,F,1012212617059,4
335,Niki,Anton,6/27/1934,M,3104480587118,4
336,Merrie,Boggon,7/31/1971,F,3111289283307,2
337,Lonee,Curado,6/27/1954,F,1607195392204,5
338,Reena,Twinberrow,3/8/2004,F,3003180653501,2
339,Yancy,Swaden,7/13/1976,M,3111975307494,2
340,Georas,Brydie,7/29/1980,M,0203941330742,4
341,Jerald,Paling,3/7/1970,M,0910637148271,3
342,Rock,Kike,12/27/1922,M,1109544620290,4
343,Glynn,Gillett,12/3/1914,M,1111558144906,1
344,Zabrina,Stollwerk,8/17/1960,F,0512571937264,1
345,Rockwell,Spargo,2/8/2004,M,2702030376248,3
346,Baldwin,Harriss,5/14/1962,M,0410375150378,6
347,Umeko,Beynke,12/27/1974,F,3110281022174,6
348,Gawain,Botha,8/5/1980,M,0610299168149,6
349,Alistair,Torrejon,5/20/2017,M,3102479056173,2
350,Erhart,Viste,9/22/1998,M,0903631447151,1
351,Kellyann,Kenington,12/20/1964,F,0409867730626,3
352,Alyce,Cran,8/12/1909,F,3002396276940,4
353,Verile,Pithie,7/29/1985,F,1010439193932,6
354,Christabella,Nutbeem,1/19/2006,F,0705833500096,3
355,Marlowe,Brandin,12/22/1920,M,1208995604998,6
356,Tresa,Tobin,4/1/1985,F,3010658271227,5
357,Peg,Grevel,4/4/2023,F,0711556336533,1
358,Llywellyn,Addekin,2/15/1947,M,3110999721178,2
359,Madelene,Tarpey,6/24/1952,F,0304837651580,1
360,Sella,O'Giany,11/7/1991,F,1307411898956,3
361,Otha,Bax,10/26/2009,F,0111573749804,3
362,Augy,Celiz,3/17/2019,M,0801479023886,5
363,Bo,Leitch,6/7/1983,M,2612281767994,1
364,Jacqueline,Gain,4/12/1942,F,2810530394587,1
365,Aggi,Giurio,8/11/1930,F,0305270570053,5
366,Nye,Nell,8/21/2018,M,2910967283221,3
367,Eward,Blanque,10/26/1940,M,0308084376506,5
368,Sibella,Mayger,1/12/1977,F,3103641036270,3
369,Edie,Reith,9/4/1931,F,3106549762852,5
370,Frannie,Figin,9/10/1937,M,0210186954026,6
371,Lyda,Hubbert,1/17/1948,F,0711474572889,5
372,Craggie,Gustus,1/12/1909,M,3110305296420,5
373,Riane,Sreenan,6/10/1900,F,3004548283061,4
374,Christopher,Votier,6/14/1939,M,0512182758219,2
375,Moselle,O'Doogan,3/4/1998,F,3107815218188,2
376,Trixi,Jiri,10/23/1974,F,3011295679579,2
377,Francis,True,10/19/1900,M,1012085093467,5
378,Doralynne,Bettenson,8/1/1969,F,2503032632810,3
379,Ashlen,Work,11/16/1931,F,2203007224805,3
380,Baron,Leslie,11/26/1951,M,1202583536290,6
381,Stillman,Paty,8/25/2019,M,0603958922393,2
382,Sissy,Peaple,1/1/1900,F,0711176976658,6
383,Timothea,Hupka,6/7/2014,F,3005457898555,5
384,Lew,Peckett,4/9/1941,M,0601085666485,3
385,Dennet,Perin,8/11/1929,M,1505095806052,3
386,Dido,Flear,6/7/1991,F,3106904864000,6
387,Halsey,Yggo,11/1/1911,M,2811053269997,1
388,Kimberlyn,Scain,9/9/2023,F,2906025570112,2
389,Daron,Sarsfield,9/5/1944,M,2008075420567,1
390,Terrell,Crisall,4/2/1924,M,2906824682136,5
391,Cornall,Cawson,12/2/1921,M,2811471457317,3
392,Netty,Ianni,10/14/1994,F,3011422253567,3
393,Lela,D'Antuoni,4/2/1958,F,0106680071305,2
394,Kellia,Godding,4/15/1932,F,3111467344527,4
395,Collen,Schwandner,12/27/1994,F,2312751416208,5
396,Berni,Cheeseman,9/25/1941,F,3006561090788,2
397,Benedetta,Farnham,6/12/1961,F,3103585662129,1
398,Maurise,Heinle,6/14/1923,F,0511529813691,1
399,Natala,Walter,2/28/1937,F,0112478533088,6
400,Donnie,Fayne,6/5/1935,M,2512875999043,2
401,Nevin,Sanzio,8/9/1900,M,0111407357129,3
402,Carilyn,Gegay,11/18/2018,F,3107194808964,5
403,Jaimie,Amberg,1/13/2020,M,3103488171932,3
404,Valeria,Kasbye,4/8/1960,F,0111537192372,6
405,Coleman,McAvinchey,2/11/1963,M,1201082599209,1
406,Rolfe,Tapply,9/8/2001,M,0710339093454,1
407,Kipp,Koomar,12/8/1970,M,2711586570006,6
408,Antonella,Sibbet,12/16/1954,F,2612039584835,2
409,Georgeanne,Schwandermann,12/13/1942,F,3010849762215,2
410,Ashbey,Mityushkin,4/12/1914,M,3012042354851,1
411,Christa,Attock,7/28/2007,F,3111119926735,4
412,Shell,Sybry,8/11/1900,M,2710010998371,6
413,Rhodie,Brooke,11/12/1974,F,3012680945057,3
414,Peyton,Checcucci,9/30/2010,M,2812955131640,1
415,Bronny,Maffeo,9/23/1917,M,1408428870858,2
416,Ludovika,Wallbanks,11/24/2013,F,0102527399457,4
417,Hobart,Storres,7/7/1986,M,3011104195655,3
418,Bunnie,Winson,12/7/2020,F,3111116198457,6
419,Hermann,Stoke,10/25/1953,M,0104230680671,5
420,Hunt,Shaxby,9/24/1982,M,0911024452345,2
421,Estrellita,Pockey,4/19/1968,F,0703203369788,2
422,Jabez,Riha,3/27/2000,M,0209752730248,2
423,Lorine,Rushmere,3/18/1980,F,0910949843215,2
424,Lionel,Poncet,8/16/2017,M,0409035950911,6
425,Marcello,Oris,2/11/2014,M,3006150681767,1
426,Jerrie,Bolin,6/3/1970,F,2801251082978,3
427,Steffi,Oakly,6/15/1953,F,2004281336995,1
428,Kitti,Rayment,6/17/1989,F,2712458662949,3
429,Dawna,Whyler,9/9/1955,F,3112837433337,2
430,George,Zanuciolii,5/26/1999,F,2912827762218,2
431,Shelley,Dolohunty,7/12/1927,M,3010697818056,1
432,Pia,Taylor,3/10/1991,F,0311118359151,6
433,Katie,Dand,10/2/1999,F,0711948418787,6
434,Grange,Olczyk,2/26/2022,M,2208647744210,3
435,Jeanna,Lodder,11/9/1959,F,2001711707786,1
436,Brent,Menelaws,2/21/1946,M,2202564564174,4
437,Dodi,Totton,4/9/1908,F,3107804592581,6
438,Hammad,Hancorn,1/4/1904,M,3010587105686,6
439,Ginger,Crick,5/28/1952,F,0110578075611,5
440,Dorothy,Scudamore,6/7/1970,F,3104802353534,3
441,Wylma,Janes,10/8/1966,F,2609587645849,5
442,Sander,Stote,11/16/1901,M,3112769499868,5
443,Ty,Crawforth,3/12/1917,M,3001654328521,3
444,Gwendolin,Hurich,5/26/1999,F,3109065255569,4
445,Tobe,Breadon,12/22/1990,M,0305480669507,3
446,Tarrance,Saunton,11/21/1989,M,3112197442867,2
447,Felisha,Metcalfe,9/30/1947,F,2807798162869,2
448,Vannie,Baddoe,8/10/2002,F,1612986077300,5
449,Myrah,Orgen,7/17/1988,F,2512478040326,2
450,Gretna,Meriton,7/19/1903,F,2404807874541,3
451,Marlene,Nicklen,3/3/2008,F,3112369981707,4
452,Amelita,Bienvenu,3/11/1980,F,0410553718847,2
453,Melisandra,McCullogh,9/5/1962,F,3111846357861,6
454,Stormy,Logue,1/23/1900,F,3011271542318,1
455,Faber,Karolovsky,9/26/2016,M,3111946287947,2
456,Prue,Castilljo,12/5/2011,F,0812782534857,4
457,Dimitry,Vasiltsov,4/24/2016,M,3003157504101,3
458,Gerome,Drewitt,7/27/1999,M,1802577469204,6
459,Benni,Porcas,1/17/1973,F,1912084791974,3
460,Alikee,Tremblot,12/17/1904,F,0305092648355,5
461,Jeannette,Dunrige,4/17/1983,F,0411716896139,4
462,Clayborne,Sibbons,8/19/1995,M,3002059395285,4
463,Pippy,Pickthorn,6/2/1977,F,3111064780200,5
464,Tomaso,Wastie,6/14/1913,M,1312438193216,6
465,Grady,Macy,7/30/1998,M,1411896785723,6
466,Maryanne,Koch,11/23/2017,F,1506246505622,6
467,Silvano,Bingall,6/7/1913,M,3109843267126,5
468,Haywood,Palmer,7/23/2000,M,0103204329142,2
469,Windy,Codlin,3/30/2019,F,3106588894652,4
470,Malvina,Mechan,12/27/2007,F,0802049712873,5
471,Keen,Rudderham,7/19/1925,M,0705483711845,4
472,Herby,Omond,3/11/1986,M,3112129552127,3
473,Hilliard,Smithson,12/5/1907,M,1411195255984,3
474,Bibby,Golder,1/27/1938,F,3112098538081,2
475,Hamnet,Rowledge,3/2/1935,M,2008109223836,3
476,Bram,Cadle,1/8/1921,M,0212939173451,4
477,Gianni,Seage,10/22/1964,M,0708818697470,4
478,Freida,Raeside,5/20/1950,F,3107014574445,1
479,Eliot,Podd,11/17/1944,M,0611724639769,1
480,Devy,Manneville,3/4/2012,M,0805151914749,5
481,Isacco,McCarron,7/10/1953,M,3107946912257,2
482,Teddy,Byres,6/8/2005,M,0305603966188,1
483,Miof mela,Flott,1/18/2005,F,1811935273740,2
484,Dawn,Quare,2/8/2014,F,3010406385337,2
485,Pandora,Bissett,11/15/1967,F,1308348334511,5
486,Adrea,Orchard,10/25/1960,F,2802292655782,5
487,Deirdre,Tumielli,4/21/1902,F,1811373290754,1
488,Erastus,Fenney,5/16/1925,M,3012135970260,5
489,Sheena,Merida,6/21/1978,F,2012750396053,2
490,Rosmunda,Dorre,3/2/1940,F,3010287360599,5
491,Wallis,Abrams,8/12/1972,F,0202581157926,1
492,Wade,Najera,2/11/1953,M,3009721862385,5
493,Klement,Torvey,5/6/1948,M,0511238602240,3
494,Hayward,Deery,10/28/2002,M,1307258810915,6
495,Tabb,Dunseith,8/21/1914,M,0310124119141,2
496,Teodoor,Eyers,8/7/1973,M,3011427290754,5
497,Jock,Milstead,1/16/1915,M,1208868328901,3
498,Alistair,Biasio,7/25/1958,M,3011371149639,6
499,Katee,McCree,3/29/1911,F,1206641998215,5
500,Danette,Schiersch,7/23/1903,F,1708103811457,3
501,Natal,Armell,3/21/1965,M,0710007369806,6
502,Tonie,Shearer,1/13/1934,F,0407952975177,2
503,Aldridge,Rippingale,5/7/1907,M,0506098010320,6
504,Nancey,Nisbet,11/13/1991,F,2104164167090,3
505,Bonny,Chaffen,11/9/1920,F,1705249601670,5
506,Delainey,Klouz,3/31/1923,M,0706254336629,2
507,Bettine,Phonix,1/4/1998,F,3002080820809,3
508,Ivonne,Gutierrez,6/28/1904,F,2408419143559,5
509,Beverly,Larmet,12/13/1951,F,2801926163971,6
510,Carling,Pipkin,3/7/1997,M,0808786149425,1
511,Jacqui,Borg,1/17/1926,F,0810869645165,3
512,Dyane,Torrans,10/4/1933,F,3012314361893,4
513,Rudd,Kliche,3/16/1992,M,3010227307698,5
514,Angel,Money,10/8/1977,F,3101001548137,4
515,Emmott,Peck,11/7/2018,M,0711707967793,2
516,Martyn,Laville,7/9/1991,M,0110233329996,3
517,Hadria,Grimoldby,11/28/2009,F,3112076726725,2
518,Raymund,Calvey,6/18/1977,M,3003041752337,6
519,Sonya,Northing,12/17/1949,F,0509099436275,3
520,Trude,Farrance,5/22/1916,F,1710094979201,6
521,Adham,Hudless,2/14/1927,M,0704296017992,1
522,Amble,Slixby,12/16/1924,M,3002628398954,3
523,Ave,Maccaig,5/30/1902,M,1503942332591,3
524,Winslow,Pervew,9/16/1987,M,2910127901524,2
525,Betti,Labarre,12/1/1973,F,0811623278500,2
526,Moira,Willers,9/27/1946,F,3111072758100,6
527,Sax,Gotliffe,9/27/1985,M,1211254897518,1
528,Karlotta,McEwen,11/6/1977,F,1201936754826,3
529,Neala,Tupper,6/15/1997,F,1802104174574,1
530,Cos,Attree,7/1/2002,M,0709014321849,2
531,Gal,Yoskowitz,12/16/1999,M,0306438021989,3
532,Carolan,Scay,5/13/1942,F,3007414186055,6
533,Sherman,Gyrgorcewicx,9/3/1913,M,3011081829008,4
534,Doreen,Sperry,11/3/1907,F,2111841668174,3
535,Clemmie,Judgkins,1/12/1918,M,0209595504463,4
536,Brinna,Maden,11/4/1961,F,3101140074509,1
537,Drucill,Scarsbrook,3/14/1984,F,0712491623682,4
538,Sheffy,Falk,4/27/1904,M,2502733019379,6
539,Stern,Oglesbee,7/30/1942,M,0405814786901,2
540,Archer,Leathem,6/2/1927,M,0811623334615,6
541,Joelynn,Eagell,10/28/1941,F,3111891298911,4
542,Ben,Supple,12/17/1931,M,3111672523363,3
543,Elwood,Hanratty,6/27/1932,M,0411576516300,3
544,Aurelea,Sawday,5/14/1989,F,3005105391430,3
545,Alvina,Blazdell,12/24/1914,F,1204558169942,5
546,Belicia,Orrah,3/22/1992,F,0209890551158,6
547,Johnathan,Berrick,11/17/2007,M,1312344006187,6
548,Waldemar,Dugall,9/28/1973,M,2012856515985,6
549,Clem,McNeachtain,9/3/1986,M,1210323125924,2
550,Tim,Abrahim,11/18/1987,F,0105025054884,2
551,Bertina,Penvarden,3/30/1963,F,1912790863850,5
552,Chev,Petrescu,9/3/1958,M,2807983766586,4
553,Nicoli,Maxfield,7/25/1955,F,0212980812162,4
554,Roger,Ebrall,5/22/1945,M,0210419598465,4
555,Birch,Bonome,7/31/2006,M,2411245185710,4
556,Vonnie,Coupar,7/18/1910,F,1902066981329,6
557,Aindrea,Loughman,4/27/1974,F,2010080769456,6
558,Farrand,Slaughter,4/15/2005,F,3112058188375,2
559,Clayborne,MacMaykin,7/17/1982,M,0512919292146,2
560,Rip,Gligorijevic,6/23/2001,M,1305981541658,5
561,Dall,Ickovicz,2/20/1927,M,0911346593728,2
562,Gasper,Tommasuzzi,10/18/1902,M,0904727177102,1
563,Maxy,Lester,3/21/1916,F,3111577618245,2
564,Aindrea,Ciobotaru,10/11/1998,F,0704776897880,2
565,Yolande,Aves,2/7/1917,F,0705036284549,4
566,Geordie,Alfuso,8/6/2018,M,2808418138113,2
567,Darbie,Ludwig,5/22/1936,F,3112025545101,5
568,Berny,Battell,7/26/2012,M,1303583735139,6
569,Paulette,Tuhy,5/25/1907,F,2010688159443,1
570,Hillyer,Carillo,11/18/1997,M,2611402020830,6
571,Anderea,Benck,3/3/1950,F,2604370891991,3
572,Seward,Georgel,5/13/1994,M,0601081619869,3
573,Cornall,Stoney,2/8/1912,M,1911410119224,1
574,Simonne,Bosward,12/1/1912,F,2601138230931,6
575,Richie,Went,2/24/1966,M,0708952313286,2
576,Candie,Hatherall,7/23/2010,F,3011141415746,3
577,Rem,McCathie,3/14/2001,M,0302388300931,3
578,Pernell,McCluskey,4/10/1954,M,3012910993116,4
579,Davida,Eskrigg,4/18/1961,F,3107606871277,6
580,Benedict,Braidon,1/2/1912,M,3110995219523,1
581,Ivar,Tregenza,9/24/1931,M,3001209812839,4
582,Bernadina,Hardage,4/5/1950,F,2707713760895,3
583,Gawain,Duckitt,8/4/2001,M,3103774229504,6
584,Pammie,Andri,4/10/1917,F,3104174637233,2
585,Jillayne,Corteney,11/27/2003,F,1509404741864,2
586,Cesare,Shyres,6/27/1997,M,2412262095265,5
587,Valaria,Beckwith,2/19/1979,F,1709875343794,1
588,Shir,Goldbourn,9/7/1922,F,1807315337066,4
589,Avigdor,Bayfield,1/29/1975,M,2606206695944,4
590,Blanca,Bollom,2/11/1946,F,3112486494485,5
591,Des,Pudden,4/21/1965,M,0505191176156,1
592,Evania,Loxdale,3/1/2002,F,0112463182908,5
593,Darryl,Minet,3/14/1936,F,0710941756477,2
594,Benedetta,Delgaty,3/12/2000,F,3002387104078,4
595,Chiquia,Winchcomb,6/30/1905,F,2401272889388,6
596,Hanni,Cashen,10/16/1920,F,1411705627310,2
597,Carmine,Lempenny,9/15/2012,M,2411287426776,3
598,Leighton,Misk,12/18/1905,M,0407495788194,1
599,Vaughan,Brignall,12/10/1916,M,1212718645548,6
600,Ethelred,Zannotti,4/15/1949,M,3003972164027,3
601,Odelle,Hargie,11/3/1920,F,3012068838772,3
602,Dulci,Wankling,8/27/2024,F,3111532305158,3
603,Almira,Victor,12/5/1968,F,0410090297884,5
604,Kennie,Rathe,3/22/1900,M,3001247089260,6
605,Jecho,Gosford,7/13/1901,M,3111587987838,5
606,Elbertine,Lestrange,1/26/2008,F,3012271315805,6
607,Blinny,Chitter,11/12/2012,F,0510768980374,6
608,Paton,Hoolaghan,10/13/1914,M,2903274573248,4
609,Des,Paulou,4/2/1932,M,0601346855892,1
610,Garvin,Collingwood,4/21/1949,M,3102308489448,5
611,Alyse,MacGiany,1/26/1921,F,0311659817319,6
612,Carree,Foucar,2/1/1917,F,2209311532876,5
613,Rock,Folliss,8/6/1913,M,1011840942315,3
614,Cherise,Rapier,3/14/1904,F,3007479608112,4
615,Malchy,Draijer,8/25/1970,M,3110473916600,4
616,Farah,Gambell,3/7/1962,F,0211413027602,4
617,Natassia,O'Hoolahan,5/15/2006,F,0411180190068,5
618,Sterne,Lambert,5/26/2023,M,2012869716571,6
619,Devi,Aulsford,1/18/1915,F,0203426778709,1
620,Caterina,Bockler,11/9/1908,F,0811536301443,1
621,Rivalee,Lutas,5/27/1944,F,3111862149073,6
622,Chuck,Barkworth,11/9/1968,M,2004105448849,5
623,Babbette,Wandrich,5/27/1936,F,0409311931532,5
624,Graeme,Crallan,12/21/1963,M,1310301523059,2
625,Vaughan,Dorricott,10/2/2000,M,0512631044144,6
626,Armstrong,Lott,12/29/2005,M,3101614533831,3
627,Garrard,Gligorijevic,12/4/2023,M,0510866553798,5
628,Emory,Wyld,6/18/1998,M,0109907951180,6
629,Ardella,Kittredge,10/4/1937,F,3102235442365,2
630,Tudor,Dunklee,9/27/1972,M,3010195591632,1
631,Price,Lilleman,2/10/1945,M,1410472616986,2
632,Luigi,Fortie,10/30/1935,M,0808260692981,3
633,Veriee,Rousell,1/24/1909,F,2512722330630,5
634,Westley,Grigaut,11/23/1968,M,3003643461492,3
635,Michaeline,Dana,12/3/1998,F,2910840664120,2
636,Vannie,Catlin,7/1/1980,F,3112541369164,6
637,Ken,Gard,5/17/2014,M,2706025108314,2
638,Berty,Newson,11/5/1903,F,2802183889619,1
639,Myrtie,Lathe,8/21/1925,F,3112997683641,4
640,Boris,Moen,12/11/2013,M,1611579220916,1
641,Jillian,von Nassau,6/25/2024,F,3010470608876,1
642,Homer,Slemmonds,2/23/1977,M,0405383533972,6
643,Juline,Abley,6/11/1979,F,3005735513928,5
644,Fitz,Toombs,4/22/2020,M,3110992383859,5
645,Laverna,Cadany,7/12/1974,F,1609764325917,4
646,Stacie,Sibbs,10/26/1934,F,0710077533280,2
647,Britni,Pancast,6/8/1991,F,3010434579801,2
648,Raynell,MacKellen,4/11/1931,F,1512478656143,6
649,Andrei,Crombie,6/1/1952,F,1312714996065,3
650,Gabbie,Sindall,3/20/1997,F,0711162237165,2
651,Rozele,Hynard,8/7/1950,F,3010703344747,2
652,Xavier,Bachman,10/15/1986,M,3006337989900,1
653,Callean,Arnao,5/26/2000,M,0104086312873,3
654,Bride,Priest,8/10/1951,F,2904477060476,6
655,Nedda,Forrest,8/31/1954,F,2004576272275,4
656,Franklin,Liston,6/6/1949,M,1810578947628,3
657,Claresta,Roggers,10/10/1901,F,2307036576056,1
658,Alikee,Yellowlee,11/16/1977,F,2009729254168,5
659,Melisande,Bleddon,10/14/2015,F,0910722794227,4
660,Lorelei,Hugk,11/25/1959,F,2501590140110,5
661,Sissie,Slader,7/19/1920,F,2912947964191,6
662,Bent,Gennerich,5/6/1981,M,1302995261068,5
663,Meghan,Christopher,5/21/1900,F,0111533865976,2
664,Betsey,Stentiford,8/8/1938,F,3112775961564,2
665,Byram,Dufore,8/5/2018,M,2606260753748,3
666,Michele,Pettingill,12/7/1974,M,1507495731629,6
667,Liliane,Mathwin,7/3/2022,F,0211470736418,5
668,Palmer,Terris,4/8/1909,M,0611578590019,2
669,Stearne,Farebrother,7/10/1908,M,2912006027382,5
670,Niels,Goathrop,7/19/1944,M,0603140521332,4
671,Launce,Leveritt,2/24/1979,M,1110711415043,3
672,Claudius,Goves,5/19/2014,M,3102231672403,2
673,Aviva,Tyt,6/6/1988,F,1411871416841,4
674,Giordano,Camerati,7/21/1971,M,0305230789523,5
675,Patricio,Dubbin,11/2/1901,M,3112821501218,2
676,Abby,Keenleyside,8/4/1918,M,3001906571078,5
677,Marya,Palmer,8/5/2022,F,0910434476760,2
678,Jannel,Fraczak,7/3/1957,F,3103367094362,6
679,Terri,Shaw,12/30/1959,F,3110083407324,4
680,Karlan,Fellow,2/19/1903,M,3101869751853,6
681,Carver,McLaverty,12/7/1910,M,3010431188393,2
682,Katinka,Mellodey,10/20/1951,F,1110206912130,5
683,Lianne,Mozzi,4/11/1918,F,1610839604872,3
684,Bettina,McTague,4/3/1979,F,3009777275555,4
685,Eleni,Darwin,3/20/1994,F,1201727534969,6
686,Fabe,Meaders,6/16/1998,M,1002048928880,1
687,Prudy,Waeland,4/4/1991,F,3001772889881,2
688,Janeen,Featherstonhaugh,2/4/2002,F,3109947809097,2
689,Myrta,Rack,6/30/2013,F,3012501594504,1
690,Deny,Leghorn,3/8/1957,F,2709110840673,1
691,Clem,O'Nolan,5/9/1948,M,2511488623429,4
692,Benedikt,Grancher,12/4/1981,M,0710516796770,6
693,Neely,Keyte,1/19/1948,F,3003265677007,2
694,Aristotle,Twigley,10/22/1961,M,1012145795827,1
695,Asia,Bettanay,12/18/1997,F,3005172910564,3
696,Rey,Murfin,9/13/1990,M,0712117908924,4
697,Filberto,Allonby,10/1/1985,M,1112026898855,2
698,Yasmeen,Catanheira,10/2/1968,F,3008069534874,4
699,Vanda,Sharer,5/23/1954,F,0305173808208,2
700,Wallace,Brands,1/22/2013,M,2403706027774,6
701,Camella,Brayford,8/16/2016,F,2710780538401,3
702,Tucker,Hullot,5/17/2011,M,1809079352229,3
703,Melesa,Gatenby,8/10/1943,F,1710207893163,2
704,Herb,Baughn,2/20/1970,M,0711686373403,5
705,Guthrey,Tumbridge,4/18/2019,M,3003004615769,3
706,Grazia,Lawlee,8/10/1976,F,2411770314456,4
707,Piggy,Taggert,7/21/1920,M,0909379330277,1
708,Anet,Auston,4/8/1917,F,0907466835399,4
709,Arvy,Philipsson,6/2/1943,M,1410226112551,1
710,Willy,Scanlon,5/8/1970,M,0705513947811,5
711,Gabey,Grimley,8/3/1973,F,0807488154027,2
712,Gretta,Aspall,3/7/2023,F,2410216051663,4
713,Seth,Skirling,9/1/1922,M,1712226660828,4
714,Tracey,Lansdown,1/6/2019,M,0810433870688,2
715,Kathrine,Vannikov,3/5/2024,F,2110071838013,1
716,Colette,Scrowson,9/20/1912,F,0808079275940,2
717,Gelya,Strong,4/17/1964,F,3110830965787,4
718,Charin,Macklam,5/18/2002,F,3007547306368,2
719,Garwood,Monnelly,11/13/1955,M,3110638483181,3
720,Huntington,Valenta,10/13/1958,M,3008882040121,1
721,Berk,Napleton,6/18/1944,M,0112884199704,6
722,Pembroke,Elphinston,10/16/1983,M,1604177632862,2
723,Shirlee,Walkden,11/8/1908,F,0808897126490,3
724,Zeb,Antosch,10/5/1969,M,0710600295847,4
725,Alyce,Collet,5/5/1930,F,1306196212811,5
726,Micky,Corradini,4/24/1962,F,3104245343908,3
727,Pryce,Deakes,5/24/1981,M,1310356108841,4
728,Matti,Rutgers,2/12/1951,F,3001415877613,5
729,Weber,Pleasance,11/1/1972,M,3010027436870,3
730,Kassi,Coathup,6/9/2011,F,1204612344825,4
731,Jonas,Ericssen,11/11/1993,M,0405693618455,4
732,Venus,Ather,8/30/2013,F,3009887642804,1
733,Francisco,Martinolli,9/7/1980,M,3012605255514,1
734,Gracie,Scargill,10/6/1999,F,3109924165007,3
735,Gawen,Simmons,5/10/1916,M,1407435804698,3
736,Tris,Oppy,6/27/1977,M,3011293078931,3
737,Codie,Cutill,9/20/1947,F,2901172004355,3
738,Faber,Plimmer,12/3/1949,M,3010013642753,5
739,Mirelle,Zywicki,10/5/1977,F,0707823867926,6
740,Shauna,Rosenbusch,10/1/1956,F,2211953472983,6
741,Rozele,Traves,1/27/1986,F,3111667612639,2
742,Tann,Normanell,4/26/1988,M,2803928927739,2
743,Alisun,Haggerty,6/16/1929,F,0404531742311,5
744,Latrina,Hens,2/10/1937,F,3012602494926,4
745,Marcel,Ferrer,5/1/1957,M,3004558248308,5
746,Lyndsey,Fowgies,2/10/2013,F,0906522593388,4
747,Obadias,Casado,3/19/1972,M,3105119461750,1
748,Lida,Celloni,11/28/2019,F,0905961277389,1
749,Creighton,Satterthwaite,4/28/1973,M,3110750583354,1
750,Sarette,Corse,3/17/1915,F,3102361134607,6
751,Sergent,Slinn,12/23/2010,M,0912050313462,4
752,Chickie,Kellen,2/24/2006,F,3008679467430,4
753,Olav,Vaudre,3/17/2004,M,2901438026767,2
754,Flynn,Durrance,2/18/1941,M,0312886367677,2
755,Kellby,Frankish,6/27/2003,M,3007538622498,2
756,Rafaellle,Starte,6/18/1921,M,0908917377496,1
757,Kristine,VanBrugh,11/5/1994,F,1907987399749,2
758,Noland,Daveren,8/10/1927,M,2105971795088,6
759,Salvador,Dullingham,9/18/1965,M,2510297208084,6
760,Ami,Milch,12/7/1969,F,2208584741402,1
761,Pet,Mullin,10/17/1923,F,3105715306881,2
762,Benita,Britton,5/12/2013,F,1410015515755,4
763,Jessalin,Reasun,9/13/2001,F,0908826779391,4
764,Juana,Perillio,9/21/1909,F,0112546829405,5
765,Leonanie,Thorpe,6/4/1931,F,1611511227406,1
766,Merv,Agirre,2/23/1905,M,3110383227945,4
767,Anitra,Ambrodi,10/10/1971,F,2110535492861,1
768,Shaw,Feaver,9/12/1923,M,3010036389736,6
769,Lizabeth,Allard,6/10/1979,F,3011942481196,6
770,Madelon,De'Ath,3/25/1977,F,1203250822549,6
771,Kare,Woodroofe,6/4/1973,F,2512824249033,4
772,Veradis,Ballin,6/1/1973,F,0606923762950,6
773,Cordelia,Bezants,8/12/1999,F,2511675926667,3
774,Hildegaard,Whetton,9/21/2009,F,3012288135430,6
775,Gusti,Polden,2/13/2016,F,0910242364889,6
776,Viva,Matzke,11/10/1958,F,1010873417063,3
777,Sonia,Menhenitt,10/9/1973,F,3111253397956,6
778,Billy,Lyle,5/23/2016,M,3011365910366,3
779,Dimitry,Eames,9/13/1961,M,2011976191646,3
780,Ramon,Tither,7/6/1943,M,0110967060272,3
781,Zorine,Schimank,5/18/1952,F,2409369823889,6
782,Adela,Spurier,9/21/1931,F,3010417475181,6
783,Trixy,Baythorp,5/8/1981,F,3105104253151,4
784,Dallis,Carolan,3/14/1908,M,0104821754584,6
785,Jacinda,Muress,2/20/1915,F,2602379392189,2
786,Elliott,Brugmann,3/6/2015,M,0812841643909,1
787,Julee,Carbonell,11/10/1904,F,3008970102852,1
788,Briny,Rowland,6/2/1976,F,2910547361290,1
789,Robinson,Ibbison,11/5/1961,M,3005776204722,1
790,Emory,Anselm,5/20/2000,M,3107016466131,3
791,Luce,Lademann,12/13/1931,M,2212683239934,3
792,Rafaela,Mensler,4/5/1992,F,3112623986318,3
793,Cointon,Crottagh,9/13/1915,M,3111334649849,2
794,Carmelita,Boggon,2/26/1903,F,0204812438747,1
795,Hussein,Caird,7/17/2023,M,3007952977057,4
796,Estrella,Liddy,7/2/1972,F,3001895688471,1
797,Bartolomeo,Spinas,5/5/1947,M,3010793207702,3
798,Keary,Gilmore,3/17/2008,M,0412969058528,5
799,Emalee,Inglis,4/15/1905,F,3011379637890,2
800,Brander,Biernat,10/30/1974,M,3106630404725,1
801,Roda,Marchetti,12/26/1963,F,0305557521625,4
802,Ally,Hylands,10/15/1988,F,3010180130950,5
803,Nissa,Trewinnard,11/27/1987,F,3010601573947,4
804,Jada,Chatenier,12/7/1987,F,3003245081312,3
805,Robbi,Jedrzaszkiewicz,10/23/2012,F,2504616311289,3
806,Linda,Haig,10/4/2018,F,0108041762831,2
807,Bink,Ierland,8/27/1977,M,3007142261940,2
808,Sapphira,Lipson,3/21/1973,F,2507490512385,4
809,Wiatt,Warland,5/5/1970,M,0111052731761,5
810,Moe,Comiskey,4/14/2010,M,0403117451974,1
811,Wells,Gercke,5/15/1977,M,2504310407344,2
812,Mei,Peele,1/6/2020,F,0512422807000,4
813,Mariam,Pardey,4/30/1994,F,2405940798887,3
814,Catlaina,Stallibrass,11/20/2024,F,2011254193805,3
815,Barton,McEneny,12/26/1903,M,1808075745620,3
816,Roddy,Klee,7/30/1927,M,0211160733873,5
817,Carine,Rippon,7/21/1934,F,0906703479749,3
818,Vinny,Sibyllina,3/30/1901,M,3109032504973,2
819,Alika,Philipsen,12/4/1959,F,3011149512874,5
820,Jerrold,Begin,8/8/2011,M,1509920063239,6
821,Catrina,Howson,6/15/1975,F,3004010791435,6
822,Kienan,McAviy,7/20/1962,M,0308682290403,4
823,Reinald,Proudley,7/2/1991,M,0710353052637,5
824,Hamnet,Muggleton,10/16/1927,M,3103088270709,4
825,Blair,Warde,3/29/2011,F,3107741062788,2
826,Gracie,De Witt,7/18/1962,F,2101389377400,1
827,Minta,Culver,4/15/1905,F,0804450372539,6
828,Florance,Fullom,6/12/1960,F,3111834426864,5
829,Nefen,Pontefract,11/8/1982,M,0812543229189,1
830,Alina,Ascough,6/17/1900,F,3112293501023,1
831,Janith,Addess,10/10/1988,F,3010299830448,6
832,Davide,Manger,3/11/1979,M,0507474733316,6
833,Luisa,Hinsch,8/29/2016,F,3112269030364,5
834,Lev,Kettlestringe,8/1/1925,M,3105526031256,1
835,Reeba,Trevillion,10/30/1982,F,3110000126622,5
836,Marco,Shrubshall,4/26/2019,M,3012184153791,1
837,Nerta,Gettings,5/8/1900,F,3110827939958,1
838,Rene,Wagnerin,8/30/1921,M,2111546818438,2
839,Caddric,Spacie,10/16/1904,M,0411680912196,3
840,Boris,Matteau,6/10/1956,M,0804962407610,1
841,Codi,Pickervance,8/28/1933,M,0107943360427,4
842,Bennie,Burnhams,5/7/1960,M,0704735540545,2
843,Shawn,Thwaite,2/10/1953,M,0611604544089,1
844,Molli,Boadby,7/7/1921,F,2806383878280,3
845,Gianni,Brockhurst,10/29/1934,M,2105872936198,6
846,Wolfy,Embery,1/13/2008,M,1210518430989,5
847,Deb,Hanscome,1/29/1903,F,0310864321399,2
848,Johnath,Goby,6/14/1972,F,3010159451185,4
849,Sherry,Eke,12/18/1974,F,1203585045230,4
850,Gwenore,Ternent,6/19/1939,F,2210083259014,5
851,Wallache,Poultney,10/27/1992,M,0208134673210,1
852,Judah,Trouncer,3/19/1951,M,3112466569691,1
853,Stinky,Gittins,8/2/1981,M,2311872249346,6
854,Maddalena,Matts,4/7/1937,F,0501384723102,3
855,Sloane,Chisholme,12/21/1948,M,0312788143227,1
856,Theresa,Ferrettino,9/10/1930,F,3112672092286,3
857,Gerhardine,Fear,1/23/1919,F,3110815326869,4
858,Anthea,Curwood,4/21/1906,F,0510735295013,2
859,Giselle,Elham,8/11/1940,F,1401239610542,4
860,Alwyn,Kleint,11/26/1927,M,3010881795599,6
861,Noni,Beckhouse,5/5/1967,F,1802720903267,6
862,Ransell,Diemer,5/21/1902,M,2708168978587,5
863,Jayne,Alwood,3/24/2017,F,0304004155051,3
864,Gae,Backsal,12/29/1919,F,0609370132836,3
865,Cirillo,Brasener,6/8/1984,M,0712748959055,1
866,Kaila,Heifer,3/9/1970,F,1305839656206,4
867,Thaine,Bourchier,8/25/2007,M,2810974758405,6
868,Idelle,Peers,9/26/1924,F,1810985918863,5
869,Maddie,Josilowski,6/10/1948,F,0810185251574,4
870,Jamie,Whimp,7/28/2020,M,0510696005129,3
871,Cassandra,Elman,4/20/1967,F,3111818883377,4
872,Eadmund,Schaffler,11/17/1918,M,3005016274381,6
873,Shane,Thickpenny,1/18/2003,F,3104453991642,2
874,Giraldo,Wymer,5/13/1915,M,1911076938638,3
875,Sheelagh,Benoi,7/10/2021,F,3112232880901,3
876,Mary,Vaen,12/29/1948,F,0305597082886,2
877,Glen,Sleicht,3/1/1967,M,3012247082617,3
878,Axe,Fletcher,12/25/1974,M,3110082531229,1
879,Darryl,Boick,5/14/1971,M,3012835646344,1
880,Ambrose,Hendrich,10/17/1920,M,3005131490416,4
881,Curtis,Vanyushin,7/27/1991,M,3101430591059,4
882,Niall,Huygen,12/27/1905,M,0512339933608,4
883,Goran,Luckham,10/29/1941,M,3011896934285,6
884,Denys,Farnham,8/6/1918,M,3109466523331,6
885,Carlota,Vise,10/13/2011,F,1208802909973,3
886,Angil,Alison,3/26/1958,F,3006702957883,6
887,Rubetta,Grooby,4/1/1907,F,3002390218838,2
888,Elita,Romans,10/18/2019,F,0410980992878,3
889,Annalise,Lamberton,4/11/1943,F,1110183980499,2
890,Dorine,Carson,4/11/1996,F,3006388570027,6
891,Rebbecca,Goodsal,5/1/1948,F,3006246426482,4
892,Bobby,Cabrales,10/4/1955,F,1201661487865,2
893,Ansel,Mc Pake,3/31/2001,M,0212627188392,6
894,Celine,Beccero,2/15/1938,F,1007555009700,3
895,Baily,Zavattari,10/4/1937,M,3007665344741,5
896,Sigfried,Canacott,12/24/1937,M,3011788192059,6
897,Lucien,Seint,1/23/1945,M,1711351365102,1
898,Stanton,Rabier,6/18/1941,M,3005177415850,6
899,Joice,Servis,12/26/1901,F,2912165502065,4
900,Kettie,Gumey,11/22/1994,F,0911796438292,1
901,Mitchael,Loynes,8/22/1967,M,3010146074386,3
902,Jeffrey,Esselin,8/3/1952,M,2504867126173,1
903,Lara,Filyakov,11/30/1950,F,3002681628908,5
904,Gerrard,Wetherhead,12/21/1978,M,0705323860552,1
905,Rici,Mosey,6/9/1985,F,2612861254432,4
906,Cloe,Ferney,2/14/1974,F,3005890263510,1
907,Payton,Secretan,6/5/1987,M,3010296040217,4
908,Rodolfo,Vasilov,6/30/1934,M,2011757905637,4
909,Caresa,Forsdicke,1/17/1967,F,3010155258718,2
910,Cassi,Poultney,2/16/1994,F,0712546460460,3
911,Lena,Sergison,7/9/1948,F,3109336310868,4
912,Mendie,Seer,6/17/1932,M,1212038512923,1
913,Layney,Swayton,7/19/1952,F,0311484755786,4
914,Ertha,Cleyburn,3/24/1986,F,2411741721895,1
915,Tobe,McNeilley,12/5/1989,M,1901800959056,2
916,Cleopatra,Gilfoyle,4/25/1989,F,3009221467562,1
917,Denys,Turbill,6/1/1989,F,1412545871583,4
918,Lyn,Tessier,6/25/1941,M,0211117462105,6
919,Traver,Scandroot,2/8/1919,M,3008310766135,2
920,Livvie,Chismon,10/27/1919,F,2709897802185,3
921,Dasi,Penni,4/11/1963,F,0209976454792,6
922,Milena,Pallent,4/24/1972,F,1910494578719,6
923,Simona,Heenan,9/15/2017,F,2602709923158,3
924,Yolane,Keighley,12/1/1942,F,2009778977475,3
925,Cordi,Rowntree,6/8/1983,F,3101567989235,4
926,Pearle,Badcock,6/23/1981,F,0306151736151,5
927,Christalle,Condit,9/12/2006,F,3007183573276,1
928,Thornie,Micheu,8/31/1999,M,3011814370170,4
929,Giffer,Skeldon,8/8/1948,M,2512894197449,1
930,Cathi,Standall,9/6/1928,F,0305814871676,4
931,Luther,Whytock,4/4/1998,M,0106721771634,6
932,Chrissy,Stubs,2/16/1930,M,0911068291515,2
933,Haily,Iles,9/13/1983,F,3008823781795,3
934,Winny,Santori,8/26/1940,M,1409278493185,4
935,Shirlee,Le Grys,10/3/1914,F,1602256101531,5
936,Gloriana,Akast,5/4/1936,F,3009299869958,6
937,Carmelle,Cawthron,2/10/1981,F,1304434012465,3
938,Titus,Woodage,12/10/1999,M,0110468024441,2
939,Richmond,Tiery,12/7/2011,M,3112964926260,5
940,Laverne,Fillary,9/27/2014,F,1011332032764,5
941,Carole,Cavey,4/1/2002,F,0508689090596,3
942,Alphonse,Anthon,5/31/1950,M,3106450802662,6
943,Alyss,Graith,8/2/1949,F,3110173953293,4
944,Aggi,Lucy,7/20/1976,F,0712257124588,6
945,Faun,Hinkens,3/19/2012,F,3108101850910,6
946,Glennis,Toulson,3/19/2017,F,3012798563098,2
947,Jessee,Buckland,8/3/1999,M,3010521938358,2
948,Celesta,Finkle,3/29/1902,F,3110504252387,5
949,Cherilynn,Tremathack,6/9/1951,F,0810024719322,1
950,Toinette,Cobson,4/6/1961,F,3004446415924,3
951,Kass,Fairall,11/27/1972,F,1201838001317,6
952,Ann-marie,Gladhill,5/25/1903,F,0311451484524,3
953,Sergeant,Franzoli,8/12/1960,M,2012642257390,3
954,Carson,Tierney,7/23/2002,M,3110625205134,3
955,Violet,Yeabsley,11/22/1962,F,3010670887263,1
956,Brendan,Jouannin,3/17/1967,M,2311877728810,6
957,Petr,Sellar,11/27/1914,M,0808282847451,4
958,Nolan,Billyeald,7/16/1942,M,3005603294996,5
959,Auguste,Fearnall,8/5/1984,F,2402332522420,5
960,Kerrin,Ryley,6/9/1947,F,2210242785085,2
961,Giacopo,Littrick,5/4/1970,M,0402362513311,1
962,Carla,Sterrie,3/14/2008,F,2310909993178,2
963,Zeke,Verman,4/2/1921,M,0811695159393,2
964,Curr,Reast,9/2/2014,M,1607836560296,1
965,Tana,Mosley,1/21/1923,F,1010595988220,3
966,Lorette,Wyon,4/12/1986,F,0112758766417,6
967,Brandon,Diggons,8/31/1935,M,0509201907265,5
968,Alyse,Wegman,2/7/1928,F,3004927035091,2
969,Ezri,Butt Gow,9/14/1996,M,1311405996802,6
970,Daria,Gilluley,10/23/2010,F,3107730316505,6
971,Garth,Lodin,3/17/1926,M,2612003834735,3
972,Lemuel,Woollends,7/28/1995,M,1502009328563,6
973,Gilbert,Rains,12/1/1971,M,1703834625110,2
974,Palmer,Shelford,4/4/1928,M,3112978048575,1
975,Dex,Staynes,3/18/1964,M,3010187810437,3
976,Susanetta,Pitrelli,9/18/1944,F,2604816214911,4
977,Dara,Ditch,5/9/1924,F,3101981771237,2
978,Henka,Crothers,7/26/1980,F,2902064090657,5
979,Jackson,McKelvey,2/17/2011,M,2209041369407,6
980,Evan,McMyler,6/25/2024,M,1604054527608,5
981,Otto,Engelmann,2/12/1946,M,2103750980560,3
982,Jesse,Guye,2/28/1998,F,2906779291076,3
983,Irita,Greensall,6/4/1930,F,3010987449528,2
984,Vanessa,Foxten,5/23/2024,F,3112369160554,2
985,Chico,Mayhead,10/29/2001,M,3101213503653,2
986,Cheri,Polle,10/28/2022,F,1111450161029,6
987,Greta,Tilio,9/21/1935,F,3111729782198,2
988,Rab,Weinmann,9/3/1964,M,2010143050342,3
989,Marigold,Fawks,9/12/1993,F,0210299713506,4
990,Dev,Stockbridge,5/17/2019,M,2204746848613,5
991,Caralie,Ingold,7/27/1906,F,0706552477142,1
992,Niko,Drinkale,6/14/1981,M,2510250655880,6
993,Theresa,O' Quirk,12/19/1941,F,0512148128753,6
994,Aridatha,O' Ronan,10/17/1965,F,0106497073963,5
995,Paige,Benedetti,4/4/1904,M,0307343349183,1
996,Koral,Goater,5/5/1998,F,0405151934671,1
997,Yardley,Skipsea,10/7/1980,M,1710618312471,5
998,Peggy,Rottger,4/20/1906,F,3005069029456,2
999,Tadeo,Eliesco,12/9/1938,M,0810010274993,5
1000,Fredra,Tibald,9/29/1922,F,2212268105404,1
